id,title,minutes,words,wpm,status
OndpxHSd6pc,"#10{ Life Bites} ""Everything can Happen""",5.1,334,65,ok
rq-xcBkUPBY,"#11{ Life Bites} ""Fast Food and Diseases""",3.3,256,78,ok
fJKf5br2R_E,"#12  {Life Bites} ""Fight and Flight Mode""",2.9,445,153,ok
dbqYCZzjNsA,"#13 { Life Bites} ""GURU""",5.5,624,113,ok
jv81NR7AO4c,"#14 { Life Bites} ""How Stones Work""",1.9,267,141,ok
OZP9oXwRDus,"#15 { Life Bites} ""Karma and Bhagya""",5.5,567,103,ok
yr7Sxnvsv-4,"#16 { Life Bites} ""The Right Guru""",6.0,882,147,ok
zrGncV9wVds,"#17 { Life Bites} ""Money/Happiness/Time of Kasht(TINKU)""",5.0,461,92,ok
eFe1QDTvvpU,"#18 { Life Bites} ""Naveenta""",5.5,666,121,ok
z2kRa_htTTQ,"#19 { Life Bites} ""Nazar utarna/Salt/Surya (TINKU)""",5.0,546,109,ok
4i4AB6-h9S0,"#1{ Life Bites} ""Acceptance""",5.4,717,133,ok
JtIRvWCiuKM,"#2 {Life Bites} ""Anything can Happen""",5.7,905,159,ok
tDsHtwyhYcU,"#20 { Life Bites} ""Pooja paath ek Bimari""",3.0,286,95,ok
gwMhrnB0SbQ,"#21 { Life Bites} ""RAJAS""",3.5,326,93,ok
SM-pu0XL0oY,"#22 { Life Bites} ""Sun,Moon,Guru,Mangal and it's Effects (Jyotish)""",3.3,370,112,ok
0jhWtGMHMzY,"#23 { Life Bites} ""Third eye and Common Sense (TINKU)""",3.0,314,105,ok
mn_0qVyZQlw,"#24 { Life Bites} ""Foot pain in Ladies""",4.8,551,115,ok
f_5YjLx9XxQ,"#25 { Life Bites} ""Vaastu""",4.3,683,159,ok
dDGHGHETp3A,"#26 { Life Bites} ""Water Therapy""",3.4,359,106,ok
XtRQAPJ0OLk,"#27 { Life Bites} ""What is Jyotish""",7.3,880,121,ok
uBxQ6ou6BmQ,"#28 { Life Bites} ""Zero of Body and Mind""",3.4,445,131,ok
47C3dW9v9j4,"#29 { Life Bites} ""Anger vs Disease""",6.2,864,139,ok
LRswhVO8S58,"#3 {Life Bites} ""Best Student and Bahu""",3.4,353,104,ok
G_Ex0l2AxJw,"#30 { Life Bites} ""Karma Memory and 3rd Eye""",5.8,709,122,ok
wphE5xlIu6U,"#31 { Life Bites} ""Daan and Stars (Jyotish)""",2.1,243,116,ok
BfHRbO2FVwk,"#32 { Life Bites} ""Bhagyashali by Birth and Karma Memory and 3rd Eye""",3.0,416,139,ok
LVNpK-R9DKY,"#33 { Life Bites} ""Good and Bad""",1.8,204,113,ok
JMpKRDqXyI4,"#34 { Life Bites} ""Story of Angulimaal,karma memory and the 3rd Eye""",8.3,1324,160,ok
L47vW6xeXGM,"#35 { Life Bites} ""Budh Ketu and Surya ko Jal Dena (Jyotish)""",4.3,605,141,ok
iMUKoZmJf-c,"#36 { Life Bites} ""How Gems Works,Karma Memory and the 3rd Eye""",8.8,1180,134,ok
xMVYxP8xkXM,"#37 { Life Bites} ""Isht Jyotish""",1.2,121,101,ok
PfrU8cVcu8E,"#38 { Life Bites} ""Femae Disease,Karma Memory and 3rd Eye""",1.1,129,117,ok
VVyf4clfKcY,"#39 { Life Bites} ""Freedom of Karma (Jyotish)""",1.9,206,108,ok
ldXyB_deP9s,"#4 {Life Bites}  ""Chaliye vs Babe di Meher""",5.1,527,103,ok
4xeIfiY7NeY,"#5{ Life Bites} ""Chamko/Shine""",5.1,347,68,ok
zpa31lPDkKk,"#6{ Life Bites} ""Commands""",5.1,633,124,ok
MtZAAD32Bn0,"#7{ Life Bites} ""Commands by Tinku""",5.1,296,58,CHECK
0Ia1xydxzns,"#8{ Life Bites} ""Commands to Success""",5.1,464,91,ok
5WDptPm7jxg,"#9{ Life Bites} ""Effects of Energy""",5.1,748,147,ok
MVKfFuj4IPU,(Part 1) How To Implement What I Know (26 March 2023) Brajesh Gautam,66.0,8314,126,ok
7zhs0JS5a_k,(Part 2) How To Implement What I Know (26 March 2023) Brajesh Gautam,48.7,5426,111,ok
1N5zg2bEmMk,(Toronto) Spiritual Q&A Session: Connecting to Higher Consciousness By Brajesh Gautam,65.9,11560,175,ok
y0EU6sPjmvw,5 Elements & Vaastu (5 तत्व और वास्तु) - Balancing the 5 Elements with Vaastu for a Prosperous Life,141.3,26643,189,ok
Au_F2c9S44Q,5 Elements (पंच तत्व): From Earth to Ether: How the 5 Elements Influence Relationships (13 Oct 2024),151.0,27399,181,ok
xwWR6Ad99sQ,AA TUJHEY MILWAUN TUJHSEY ( 27 May 2018 ),86.1,9821,114,ok
z1WGBiYs7VY,AADATT - HABIT ( 11 AUGUST 2019 ),116.3,12713,109,ok
3SnQu18WXB4,AHAM BRAHMASMI 11Sept 22 ( Part 1st ),63.8,10253,161,ok
C9KVQbPEoc4,AHAM BRAHMASMI 11Sept 22 ( Part 2nd ),77.9,12301,158,ok
ep5A_oWLsmg,AKASH (16 Aug 2015),101.6,16232,160,ok
otOwrnSeGjw,ANIMAL THE MOVIE Dec 2023,21.4,4095,191,ok
PDYYqKNAs9g,ARJUN TUM NIMITT MATRR HO 25 Sept 2022 ( Part 1st ),67.0,11060,165,ok
1zUC5f7paGk,ARJUN TUM NIMITT MATRR HO 25 Sept 2022 ( Part 2nd ),64.2,10350,161,ok
AHjfxIiJY2Q,ATTENTION!,0.3,2,7,CHECK
mVE4CxYKKoE,AUTO PILOT - ( 18 AUG 2019 ),115.7,12795,111,ok
4d28rs5rTgk,Ab Toh Maan Jaa (अब तो मान जा) By Brajesh Gautam ),110.8,23086,208,ok
gKfb1B0MZRk,Acceptance And Poornta,5.0,699,140,ok
4gqgzXTSPHk,Achyutam Keshavam - अच्युतम केशवम By Brajesh Gautam (4 June 2023),139.9,23627,169,ok
5-xM7K5CkvY,"Affirmations (संकल्प): The Science Behind Affirmations: Do They Really Work?""",115.6,12270,106,ok
FtaNZLqsMMg,Ahankar ka Gorakh Dhanda (अहंकार का गोरखधंधा) Brajesh Gautam,104.5,20461,196,ok
33IZDviaiMg,Ahinsaa (8 Jan 2017 ),102.3,11394,111,ok
QoBQAWbWpng,Ajapa Jaap : Beyond Mantra Chanting By Brajesh Gautam,105.0,19541,186,ok
U9PtTbqoSpU,Aliens (28 Feb 2016),113.1,12357,109,ok
c02RM6OSUkg,Allah Meherbaan Toh ....Pehelwan (15Feb2015),106.0,12104,114,ok
8VLhjI1M8wM,Anaahat (2 April 2017),98.3,10778,110,ok
xKEg544Ds0c,Anger (23 Aug 2015),117.1,19789,169,ok
SDQxGQztAPI,Anti Ageing Through Conciousness And DNA (4Jan2015),119.3,19141,160,ok
I6TaPhv27nU,Apna Time Ayega ( 3 Mar 2019 ),106.2,19832,187,ok
Mjb7hqPCNyA,Arth Kaam Dharm Moksh: Balancing Material and Spiritual Realms । Brajesh Gautam (4 Feb 2024),131.5,24089,183,ok
okgtN37k9lA,Aukat (औकात): Redefining Status Beyond Wealth and Power,134.8,24078,179,ok
c-Sx-JhpMkg,BE STUPID   BE HAPPY (28DEC14),100.2,11522,115,ok
62g67UXAvd8,BHAGWAAN March 2023,22.6,4087,181,ok
c-kx8zQrcR4,BODY AND MIND (10 April 2016),115.1,12632,110,ok
PWfDejOScn0,BRAHMM ( 11 NOV 2018 ),111.2,12498,112,ok
NVtPyioi7-8,Bageshwar Dham: Unveiling the Sacred Mystique of Divine Connection By Brajesh Gautam (9 Feb 2023),22.2,3715,167,ok
NXUWjy_ukXc,Bakwaas (बकवास) : The Fine Line Between Fun and Foolishness By Brajesh Gautam,145.7,26546,182,ok
rZnIi9c36_0,Balance (12 Feb 2017),87.5,9688,111,ok
J5oSlos8lIk,Bhagwaan Maatra Ek Vichar Hae (Portion Of Deep Sleep 2nd-10May2015),6.6,761,115,ok
dRwrLQBsdXE,Blessings (आशीर्वाद) By Brajesh Gautam (2 May 2021),125.3,25617,204,ok
1UE4LvwxrPY,"Body, Mind, Money (तन मन धन): The Holistic Approach to Fulfillment (16 July 2023)",130.6,24248,186,ok
2GGVC8L8HM0,Brahmacharya (ब्रह्मचर्य) Myth vs Reality in Today's World (22 Dec 2022),125.6,21726,173,ok
PIk5cYKYdtk,Breath (1 Jan 2017 ),68.5,11970,175,ok
dS5tQpPjEI8,Budha and Gods,6.2,729,118,ok
-UgYCW2PewA,Burden (बोझ) By Brajesh Gautam (24 Jan 2021),126.7,26061,206,ok
x2L86qm4kso,CKEBS ( 6 Aug 2017 ),95.5,10451,109,ok
li4G_4TIemA,COLOURS Part 1 (22March2015),49.6,5379,108,ok
6G5wWr3ZAMM,CORONA AND LIFE,5.0,996,199,ok
iKI3pVNB2vA,CORONA VIRUS MARCH 2020,9.2,1200,130,ok
zRX95C4PJ4E,Calmness (27 March 2016),123.9,13692,111,ok
NdZZx7bY58I,Cancer And 'I' Brain (05april2015),96.5,15731,163,ok
vIgdlEZWC_c,Care Or Control 12 Feb 2023 ( Part 1st ),64.0,8021,125,ok
uGdnlGvBX1o,Care Or Control 12 Feb 2023 ( Part 2nd ),56.6,6945,123,ok
maevXNQ-5i8,Chetna ( 26 March 2017 ),99.3,10965,110,ok
iVguelpDuhk,Chhota Sa Viraat (छोटा सा विराट) By Brajesh Gautam,99.2,20103,203,ok
DFYj31ZOcAE,Chitragupta (चित्रगुप्त): Who is Chitragupta? Understanding the Keeper of Deeds,109.9,20311,185,ok
uSEgCNtSOHw,Colours Part  2 (29March2015),94.8,10243,108,ok
oqVf5-LYOos,Concentration (20 March 2016),88.5,9733,110,ok
GWzVn1khrY4,Conscious Mind (चेतन मन) By Brajesh Gautam,113.8,22977,202,ok
NQAbhIeEyD8,Cosmic Body: The Science and Spirituality of the Cosmic Body (22 Oct 2023),139.4,26105,187,ok
k5bhE6aNHnM,Cosmic Correction (ब्रह्मांडीय सुधार) By Brajesh Gautam,123.7,25067,203,ok
wuhBwVJ-4v4,DEKHA  JAYEGA -  LET IT BE  (4 AUGUST 2019 ),142.2,15281,107,ok
I8fgceArDVk,DNA  30 JULY 2017,105.1,11604,110,ok
HGs5T1hU7xQ,DON - DESIRE OF NEEDS (आवश्यकताओं की इच्छा) By Brajesh Gautam,159.2,27251,171,ok
4AoBTql3x7k,Daan ( 22Jan2017 ),104.5,11449,110,ok
XhLmhPCRCig,Death (14June2015),108.3,11902,110,ok
wAnZgHnfkzo,Deep Sleep 1st (Part 1)(10May 2015),50.6,8508,168,ok
pw3W4S_Yjww,Deep Sleep 2nd (Part 2) (10May2015),63.2,7059,112,ok
8TpfljNlLek,Destiny Decoded: Exploring the Path of Life - Brajesh Gautam,110.3,21315,193,ok
EqkAQXHvNKg,"Diabetes: Body, Mind & Energy Connection Explained By Brajesh Gautam",128.4,25622,200,ok
Qvl_Vzwn2UQ,Disappointments 5 Feb 2023 ( Part 1st ),46.4,5769,124,ok
v5vHcrgMTIE,Disappointments 5 Feb 2023 ( Part 2nd ),35.9,3313,92,ok
8s8sr2mq8FQ,Disappointments 5 Feb 2023 ( Part 3rd ),51.5,3851,75,ok
DLbUhEzAaw4,Disease (19jULY2015),116.5,19318,166,ok
V4Y1415GHgY,Divorce - तलाक By Brajesh Gautam (30 April 2023),137.9,24676,179,ok
cMDwW0yrZ8o,Does God Appear When Called ? (8march 2015),111.2,12724,114,ok
SLevjQff5tQ,Does future exist? (7Sept2014),98.2,10678,109,ok
cMeP1FBiM44,Dont Try To Play God By Brajesh Gautam,99.2,20229,204,ok
zYnjHlkcmY8,Dreams PART 2  ( 18 Feb 2018  ),117.6,13136,112,ok
NZhePqWhhhE,Drivers Of The Brain (5July2015),103.4,16610,161,ok
D-T_EJm7AQc,EMPTY SPACE ( PART 1 ) 19 JAN 2020,46.1,4974,108,ok
ao6OweFl-pA,EMPTY SPACE ( PART 2nd ) 19 JAN 2020,43.8,4836,110,ok
qq7K5bJV_IQ,ENERGY AND MATTER [ENGLISH ] {CANADA}  TORONTO (25 SEPT 2018 ),114.8,17647,154,ok
eRjwFBaBJzc,EP: 1 ASAP -  Consciousness vs Kundli: कौन ज़्यादा शक्तिशाली? Brajesh Gautam,143.2,27982,195,ok
_0f4gz1oweA,"EP: 10 ASAP - Planet Ketu - केतु ग्रह : मोक्ष, रहस्य और आध्यात्मिकता | Part-1 (Change Audio Track)",142.1,24809,175,ok
GjvVnFjohZY,"EP: 10 ASAP - Planet Ketu - केतु ग्रह : मोक्ष, रहस्य और आध्यात्मिकता | Part-2",16.5,2756,167,ok
4BaOPgrFoUE,EP: 11 ASAP – Planet Uranus | इंद्र ग्रह का अनसुना ज्योतिष ज्ञान | Brajesh Gautam,121.1,21926,181,ok
ZvLNSuqhcno,EP: 12 ASAP – Planet Neptune | वरुण ग्रह को समझें | ज्योतिष का अनसुना ज्ञान  | Brajesh Gautam,133.4,24733,185,ok
zu7G7WdKAKk,EP: 13 | Sanatan - Ganpati and Ketu (गणपति और केतु): A Journey Through Astrology and Mythology,137.2,24818,181,ok
rYbGW7W8DKA,EP: 14 | Sanatan Vishnu (विष्णु): Guardian of the Cosmic Order,123.5,21821,177,ok
MCX9ftn2vO4,EP: 2 ASAP - सूर्य ग्रह | The Most Important Planet in Your Kundli ?,125.8,24363,194,ok
UhLy_wG5Udc,EP: 3 ASAP - Planet Moon - चंद्र ग्रह  | The Hidden Science of Moon in Astrology,132.7,25572,193,ok
8k4YGlSs9aU,EP: 4 | Sanatan - Time and Dashavtar: Exploring the Threads of Existence (3 March 2024),142.3,25206,177,ok
czrROae2_DA,"EP: 4 ASAP - Planet Mars - मंगल ग्रह: साहस, शक्ति और सफलता का ग्रह | Brajesh Gautam",147.2,27743,188,ok
uqY50BoDoHE,"EP: 5 ASAP - Planet Mercury - बुध ग्रह: बुद्धि, वाणी और संतुलन का ग्रह | Brajesh Gautam",145.9,28045,192,ok
NHmKAxgFAhg,EP: 6 ASAP - Planet Jupiter - गुरु ग्रह : The Cosmic Principle of Growth & Wisdom,133.8,25074,187,ok
MI5B0YN29JQ,"EP: 7 ASAP - Planet Venus - शुक्र ग्रह: प्रेम, सौंदर्य और समृद्धि का रहस्य |  Brajesh Gautam",141.1,27282,193,ok
68gaGMxkZcY,EP: 8 ASAP - Planet Saturn - शनि ग्रह : The Cosmic Teacher of Karma | Brajesh Gautam,143.7,27810,194,ok
QIMCfGO3GNM,"EP: 9 ASAP – Planet Rahu | राहु ग्रह: भ्रम, महत्वाकांक्षा और सफलता | Brajesh Gautam",154.2,29610,192,ok
aV27AFnjX24,EP:10 | Sanatan - Why Restrictions For Women During Menstruation: Unveiling Cultural Beliefs,137.8,24776,180,ok
DNpEGaZ04qs,EP:11 | Sanatan Multiverse: Exploring the Infinite Dimensions of Hinduism,139.0,26224,189,ok
CdoRE63eHzo,EP:12 | Sanatan - OM: The Sound of the Universe By Brajesh Gautam (12 May 2024),124.9,21881,175,ok
kgR5AQh_GBA,EP:15 | Sanatan - Lakshmi(लक्ष्मी): Symbolism and Significance By Brajesh Gautam (16 June 2024),123.2,22933,186,ok
ehGebd-NQ_A,EP:16 | Sanatan - Vastu Purusha(वास्तु पुरुष): Balancing Energy in Living Spaces (23 June 2024),99.2,17929,181,ok
WM-yErtR2ZI,EP:17 | Sanatan - Vastupurusha Directions(दिशा-निर्देश): Aligning Your Home with Cosmic Energy,134.9,25035,186,ok
Cv-m6pWwSMM,EP18 (Part-2) Sanatan-Vastupurusha Directions(दिशा-निर्देश): Aligning Your Home with Cosmic Energy,126.4,22877,181,ok
7kpN5cahjtw,EP:19 (Part-3) Color Psychology in Sanatan-Vastupurusha: Balancing Energy Through Color,134.1,23649,176,ok
LLdqxRfG5Rc,EP:2 BAMS - Body and Mind Sync (शरीर और मन का समन्वय) By Brajesh Gautam,133.2,15106,113,ok
ev02F0T_W1g,EP:20 | Sanatan - Gemstone & Pooja Paath (रत्न और पूजा पाठ): Unlocking Divine Energy (4 Aug 2024),135.4,23876,176,ok
MW79uVirpWQ,EP:21 | Sanatan - Gemstone & Isht Devta (रत्न और इष्ट देवता): Finding Your Divine Connection,139.4,24623,177,ok
5VYy0dizpSo,"EP:22 | Sanatan - Isht Devta & Prayer (इष्ट देवता और प्रार्थना): Harmonizing Mind, Body, and Spirit",136.6,25089,184,ok
Q2LuXGHeZwA,EP:5 | Sanatan-Maha Shivratri (महा शिवरात्रि): Awakening the Inner Shiva  | Brajesh Gautam,147.1,26362,179,ok
2za2wD1ojes,EP:6 | Sanatan - Discipline: Synchronizing Ancient Teachings with Modern Realities | Brajesh Gautam,137.9,23865,173,ok
MSmeaQ4JOFY,EP:7 |  Sanatan - 33 कोटि देवता : Exploring Divine Energies Brajesh Gautam (31 March 2024),131.9,23703,180,ok
uVIgvffZ9D4,EP:8 | Sanatan-Hindu Marriage/हिन्दू विवाह पद्धति : Exploring Rituals and Symbolism (7 April 2024),144.8,26287,182,ok
xwPg17jiy90,EP:9 | Sanatan - Nav Durga Shakti(नव दुर्गा शक्ति): Divine Feminine Energies (14 April 2024),143.8,26513,184,ok
QcFf4WMYTxU,ETERNAL - शाश्वत By Brajesh Gautam (23 July 2023),146.4,24827,170,ok
w-1SxeT4_n4,EXTRAMARITAL ( 13 Nov 2022 ) Part 1st,74.0,12832,173,ok
V2PAe-xkV1o,EXTRAMARITAL (13 Nov 2022 ) Part 2nd,49.7,6533,131,ok
0NrG8pvOvq0,Ego ( 29Jan 2017 ),79.8,8971,112,ok
06tfmCpKhBM,Electron v/s Proton = Neutron (03 May 2015),92.0,10033,109,ok
T5oS-qJHp7Q,"Energy, Awareness & Self-Discipline | Brajesh Gautam",127.8,25967,203,ok
SnbIG4xj9Jw,Ep 9: BAMS - Quantum Entanglement (Delayed Choice Quantum Eraser) - Krishn Arjun By Brajesh Gautam,137.2,26654,194,ok
xBsoXz8fylo,Ep:3 BAMS - Principle Of Waala By Brajesh Gautam (12 Oct 2025),144.3,27337,189,ok
9AszNwu1SzY,"Episode 1 | Body & Mind Sync 🧘 | Toronto (30 Aug 2025) – Brajesh Gautam""",122.6,20381,166,ok
QEYJppskD6c,Episode 10: BAMS - Quantum Electromagnetic Waves By Brajesh Gautam,146.2,27677,189,ok
Uqu4bfO5Uj0,Episode 11: BAMS - Quantum And Progeny By Brajesh Gautam,158.4,30289,191,ok
GRl14ChHyU8,Episode 12: BAMS - Quantum & Enlightenment By Brajesh Gautam,129.5,23936,185,ok
Piz-rwDAe4Y,Episode 13: BAMS -  Quantum Entanglement  By Brajesh Gautam,148.8,28829,194,ok
xDMFrChBms8,Episode 14: BAMS -  Quantum Programming By Brajesh. Gautam (28 Dec 2025),141.2,26481,188,ok
-N80GuUP_oI,Episode 4 BAMS - Spirituality and Quantum with 3rd Eye By Brajesh Gautam,149.3,27905,187,ok
v5VYhKGjaxs,"Episode 5: BAMS - Quantum and Hanuman-Ram, Radha-Krishna By Brajesh Gautam",150.7,27396,182,ok
SSIbo0sfb2I,Episode 6: BAMS - Quantum & Pre-Living By Brajesh Gautam,150.9,27578,183,ok
Lh6Vvx2n5GM,Episode 7 BAMS - Quantum And Vision Board For Manifestation By Brajesh Gautam,154.2,28363,184,ok
fjRJVG9egkc,Episode 8: BAMS - Quantum & Gods Justice By Brajesh Gautam,138.6,26076,188,ok
-VH5rIjJFvY,Evil Eye And Aura (नजर लगना और औरा) - Brajesh Gautam,118.1,22734,192,ok
FAd95x_ONEI,Expectations ( 1 August 2016),89.4,9840,110,ok
n56Z0YV12yE,FORGIVENESS ( 15 JULY 2018 ),110.1,12499,114,ok
NrlvVLZuWfM,Fat InThe Body  (16Nov2014),33.9,3794,112,ok
UQr6naRxTN8,Fate Or Karma - भाग्य या भगवान । Understanding the Divine Role of Luck । Brajesh Gautam(14 Jan 2024),133.7,24452,183,ok
DDcEUXZehiw,Fire And Aura  (13Sept2015),108.2,12501,116,ok
EruOqOAkAFY,Food and Health: The Connection You Never Knew By Brajesh Gautam,94.9,18481,195,ok
jXOMEEgLOiE,Freedom (17 April 2016),89.1,9782,110,ok
yAbiFSuURI0,GALTI KISKI PAAGAL KAUN  ( 6 May 2018 ),86.2,9630,112,ok
RqlGzeBkAq0,GOD AND LIFE (4 Feb 2018 ),107.2,12205,114,ok
nHdcsW5Kfdk,Gaadi Bhai Chalayega (गाड़ी भाई चलाएगा): Navigating Life's Pathway (21 Jan 2024) Brajesh Gautam,126.1,23205,184,ok
j46oZ7HY3Dw,Ghabrahat - घबराहट | Brajesh Gautam,108.5,20556,189,ok
02Z8sI8OqO8,God Particle - गॉड पार्टिकल | Brajesh Gautam,109.0,21136,194,ok
wT-ZNx8lPWY,Gravity (गुरुत्वाकर्षण) The Everyday Impact of Gravity on Our Lives and Bodies By Brajesh Gautam,117.3,21853,186,ok
NbTXf2zkx-M,Guru Canada Toronto  ( September 2016 ),76.0,8609,113,ok
KOmVUHA2Xrw,HESITATION SANKOCH 9 April 2023 ( Part 1st ),54.1,6664,123,ok
t9nY79qCY8Y,HESITATION SANKOCH 9 April 2023 ( Part 2nd ),64.1,7536,118,ok
e-gjGPXDeXc,HOME  - THE BODY AND FAMILY  4 NOV 2018,88.3,9935,113,ok
KWN8OcO1oRs,HOW TO MANIFEST PART 1st ( 13 Sept 2020 ),60.4,7540,125,ok
NukrF759t3s,HOW TO MANIFEST PART 2nd ( 13 Sept 2020 ),53.4,7901,148,ok
08vXW4Ycq_s,HOW TO TACKLE KIDS MAY 2023,20.6,3125,152,ok
8PvAF4lE9VQ,HUMAN MECHANISM AND MIND CONTROL {english}( CANADA ) [VANCOUVER] september2018,87.0,9974,115,ok
pQCZV59IGsA,Haaye Syappa (हाये स्याप्पा) By Brajesh Gautam (28 Nov 2021),112.6,23162,206,ok
ebeQobUvx_I,Hanuman Chalisa (हनुमान चालीसा) An Astronomical Viewpoint By Brajesh Gautam,140.2,23852,170,ok
BopxxUFKe3Q,Healing (23 Oct 2016),90.8,10083,111,ok
XjTH8HjWZV4,Heart VS Brain (31Aug2014),62.1,6829,110,ok
u5SgqZSrRHE,How Does God Work By Brajesh Gautam,117.0,23265,199,ok
CVO2WLnIHbk,How Does Oxygen and Calories kills? / Death the 4th Dimension (21 Dec2014),94.0,15542,165,ok
TSAhW35-2xQ,How To Become Rich || The Cosmic Connection || Affirmation || Manifest Money || Brajesh Gautam,13.1,1897,145,ok
rn7_cmpq5o8,How To Create Future Full Video By Brajesh Gautam ( 24 Dec 2017 ),84.5,9458,112,ok
4DrummQYvog,How To Go in Past and Change The FUTURE while You Live in Present Part 1 ( 14 sept 2014 ),101.6,17962,177,ok
k1cLlwAXpbU,How To Go in Past and Change The FUTURE while You Live in Present Part 2 ( 21 sept  2014 ),114.2,19106,167,ok
C10vf8tJqsI,"How To Love Ourself,Pro's and Con's of Social Netwroking sites (26Oct2014",119.9,12672,106,ok
bc6uW3V5uU0,How To Win Over Pain Physically And In Emotions(11JAN15),115.0,20823,181,ok
XfEEbAYvpK0,How to connect with God (24Aug2014),122.6,20999,171,ok
3S8etyAzrlI,Human Machine And The Chakras Full Video By Brajesh Gautam (24 May 2015),112.4,12806,114,ok
9rNupShNgI8,"Hunger for Energy: Fueling Your Mind, Body, and Spirit",130.6,25330,194,ok
a8UmR_sZFs0,Hypnosis (सम्मोहन) By Brajesh Gautam (16 Aug 2020),116.8,23133,198,ok
4dV7YAvMPeI,"I, MAIN KAUN HOON(15march2015)",106.2,17136,161,ok
-8owryN9zA8,IS POOJA PAATH NECESSARY 23 April 2023 ( Part 2nd ),53.6,5949,111,ok
xYXG8ZE8RoI,IS POOJA PAATH NECESSARY 23 April 2023 ( Part 3rd ),41.5,4547,110,ok
q2l756OJWPI,IS POOJA PAATH NECESSARY 23 April 2023 Part (1st ),55.0,6778,123,ok
0R5Eo89jEHk,ISHWAR MIL GAYA Toronto {Hindi} CANADA ( 13 Oct 2022 ),31.5,2689,85,ok
LEkwrZe5jgk,Identity Crisis By Brajesh Gautam (21 Aug 2022),131.1,26959,206,ok
7xio3ijgaCI,In Conversation With STEVE Ottawa Canada (5 Sept 2017),36.9,5389,146,ok
juf-Txb_epg,In Conversation With Shammiji in Canada Ottawa (6Sept 2016) English Hindi,62.5,10102,162,ok
xmYa4DkI46M,In France (June 2017),19.2,1972,103,ok
X5jdv2U5qFs,Intoxication Sharaab - From Intoxication to Clarity: Moving Beyond Sharaab (11 June 2023),148.1,25578,173,ok
_8UX6HJ0rNk,JYOTISH (12 july 2015),123.2,21527,175,ok
zBuTI4WkZb0,Jaa Simran Jee Le Apni Zindagi (जा सिमरन जी ले अपनी ज़िन्दगी) By Brajesh Gautam (13 March 2022),125.4,25524,204,ok
Sk76ofj0RJw,Jealousy (ईर्ष्या) : Why Are You Jealous? The Real Reason | Brajesh Gautam | 16 Feb 2020,115.0,23711,206,ok
OKK8pRusrQQ,Jo Hona Hai Hokar Rahega (जो होना है होकर रहेगा) By Brajesh Gautam,98.1,19471,198,ok
h8udc_JNiAg,Jyotish Vidya - Ep. 1 – Understanding Astrology By Brajesh Gautam,152.1,27400,180,ok
0ExHLGr_XpU,Jyotish Vidya - Ep. 10 (Part-1) Love and Marriage (प्रेम और विवाह),130.2,24243,186,ok
JwElU-_NQT4,Jyotish Vidya - Ep. 10 (Part-2) Love and Marriage (प्रेम और विवाह) - Brajesh Gautam,135.7,24782,183,ok
mOGhj4fHe5k,Jyotish Vidya - Ep. 11 Studies & Students And Remembering Vaastu Devtas - Brajesh Gautam,138.1,24577,178,ok
_lJoI2gXnEs,Jyotish Vidya - Ep. 12 Planet Saturn (शनि ग्रह) - Brajesh Gautam (02-03-2025),156.0,28189,181,ok
qCGLzTPuf_8,Jyotish Vidya - Ep. 13 Planet Mars (मंगल ग्रह) - Brajesh Gautam,130.8,23518,180,ok
bUAFllLrJuU,Jyotish Vidya - Ep. 14 Planet Mercury (बुध ग्रह) - Brajesh Gautam,134.6,25154,187,ok
o3pzbftytwI,Jyotish Vidya - Ep. 15 Planet Sun (सूर्य ग्रह) - Brajesh Gautam,143.2,26478,185,ok
dyQU35k25gc,Jyotish Vidya - Ep. 16 Planet Sun and its Combinations - Brajesh Gautam,137.3,25723,187,ok
Iq0FXOTHPW0,Jyotish Vidya - Ep. 17 Planet Uranus (इंद्र ग्रह) -Brajesh Gautam (20-04-2025),117.9,22351,190,ok
uDMvVbV3_es,Jyotish Vidya - Ep. 18 Planet Venus (शुक्र ग्रह) -Brajesh Gautam (27-04-2025),138.5,25873,187,ok
kTQdFqMyTh4,Jyotish Vidya - Ep. 19 Planet Venus Remedies (शुक्र ग्रह के उपाय) -Brajesh Gautam,148.8,28930,194,ok
zB46Ww7qfas,Jyotish Vidya - Ep. 2 - Understanding Astrology Planets (ग्रह) By Brajesh Gautam,108.9,20133,185,ok
lCfAGZVI7OI,Jyotish Vidya - Ep. 20 Planet Pluto (यम ग्रह) -Brajesh Gautam (11-05-2025),135.6,26752,197,ok
i3Cnfjm5y2Y,Jyotish Vidya - Ep. 21 Planet Pluto and its Remedies (यम ग्रह के उपाय) -Brajesh Gautam,141.2,28646,203,ok
pejq4X_5Pow,Jyotish Vidya - Ep. 22 Planet Moon (चंद्र ग्रह) -Brajesh Gautam (25-05-2025),147.2,27574,187,ok
roJLcMeu4LY,Jyotish Vidya - Ep. 23 Planet Moon & Remedies (चन्द्र ग्रह के उपाय) -Brajesh Gautam,138.3,26267,190,ok
-jRmE6O5W_c,Jyotish Vidya - Ep. 24 Planet Neptune (वरुण ग्रह) -Brajesh Gautam,140.8,26202,186,ok
TZ26b_S2MPs,Jyotish Vidya - Ep. 25 Planet Neptune and Remedies (वरुण ग्रह और उपाय) -Brajesh Gautam,147.6,29461,200,ok
0v-ysamsqQY,Jyotish Vidya - Ep. 26 Planet Rahu (राहु ग्रह) -Brajesh Gautam,135.3,26355,195,ok
VNIwRnEEWrs,Jyotish Vidya - Ep. 27 Planet Rahu & Remedies (राहु ग्रह और उपाय) -Brajesh Gautam,144.3,28557,198,ok
Bdwi1wfpBhg,Jyotish Vidya - Ep. 28 Planet Rahu & Ketu (राहु और केतु ग्रह) -Brajesh Gautam,150.6,29613,197,ok
HnLDAwplgpU,Jyotish Vidya - Ep. 29 Planet Ketu (केतु ग्रह) -Brajesh Gautam (13 July 2025),139.0,26562,191,ok
_mCF7o_gwMc,Jyotish Vidya - Ep. 3 -  Retrograde Planet (वक्री गृह) By Brajesh Gautam,137.3,26060,190,ok
gq8a0ZilXbg,Jyotish Vidya - Ep. 30 Planet Ketu & Remedies (केतु ग्रह और उपाय ) - Brajesh Gautam,142.8,27538,193,ok
9enBGRtv1h8,Jyotish Vidya - Ep. 31 Planet Jupiter (बृहस्पति ग्रह)-Brajesh Gautam,123.9,22815,184,ok
6vRbKSgGRhw,Jyotish Vidya - Ep. 32 Planet Jupiter and Remedies (बृहस्पति ग्रह और उपाय) -Brajesh Gautam,143.8,27688,193,ok
Kw6mWaV8Kjs,Jyotish Vidya - Ep. 4 -Ishta Devataa & Retrograde Planets (इष्ट देवता और वक्री ग्रह) Brajesh Gautam,141.2,26765,190,ok
tpHwmqrONHA,Jyotish Vidya - Ep. 5 - Retrograde Planet (वक्री गृह) - Brajesh Gautam,141.9,26127,184,ok
yNl3jMu5EMc,Jyotish Vidya - Ep. 6 (Part-1) - Rashi And Behaviour Of Planets (राशि और ग्रहों का व्यवहार),155.3,28376,183,ok
PlX5JwBF4mU,Jyotish Vidya - Ep. 6 (Part-2) - Rashi And Behaviour Of Planets (राशि और ग्रहों का व्यवहार),138.1,26123,189,ok
yY8DGoGQSTY,Jyotish Vidya - Ep. 7 - Bhaav And Planets (भाव और ग्रह) - Brajesh Gautam,155.4,29898,192,ok
Ronux-Egaww,Jyotish Vidya - Ep. 8 (Part-1) Planets & Rashi (ग्रह एवं राशि) - Brajesh Gautam,152.6,27888,183,ok
Ju7MUOxF7tw,Jyotish Vidya - Ep. 8 (Part-2) Planets & Rashi (ग्रह एवं राशि) - Brajesh Gautam (12 Jan 2025),152.3,27764,182,ok
8tYfFGmqQHg,Jyotish Vidya - Ep. 9 (Part-1) Donation and Charity (दान और सहयोग),154.6,28925,187,ok
pB_G7N1EjGY,Jyotish Vidya - Ep. 9 (Part-2) Donation and Charity & 5th House - Brajesh Gautam,133.2,25171,189,ok
gV-quOleAFM,KARTAPURUKH ( 24 nov 2019 ),111.8,12381,111,ok
noC-gUFDReg,Kaam Vaasna (2 oct 2016),91.5,10203,112,ok
K96YHBSARgo,Kadarr - GRATITUDE (30 Dec 2018 ),118.4,13412,113,ok
EnsZ8jjtOyI,Kamina (कमीना): Who is a “Kamina” in Real Life? By Brajesh Gautam,114.7,23463,205,ok
58gH0OAnc0A,Kamina Defined 13 Sept 2016 canada,1.0,120,120,ok
Tr6QtZC04Xk,Kanjoosi (कंजूसी) By Brajesh Gautam,103.5,20569,199,ok
loCNwrEePx0,Karma Memory and The 3rd Eye (23Nov2014),109.8,12438,113,ok
hb6kW9pZKMs,Kids Do Not Need Studies For Success (31May2015),98.3,10835,110,ok
9t1NEUG7Oeg,Kirayedar Ki Malkiyat (किरायेदार की मलकियत) By Brajesh Gautam (4 Oct 2020),115.5,23210,201,ok
8BTPKOCbWJ8,Kshanbhangur (7 May 2017 ),79.1,8540,108,ok
Z8FU-sRkXJU,Kyon Kisliye Isiliye (क्यों किसलिए इसलिए) By Brajesh Gautam,105.6,21144,200,ok
77XtThIWBrk,LEKIN - BUT ( 1 April 2018 ),98.5,11266,114,ok
JRENHIBjyF8,LOLLIPOP ( 27 JAN 2019 ),110.3,20139,183,ok
39s82VjDFmA,LOOP | Unlocking the Power of Endless Loops: Dive into the Eternal Cycle | Brajesh Gautam (7Jan2024),111.3,20804,187,ok
M4NUMZdZdoY,LOVE AND MARRIAGE ( PART  2nd )15 MARCH 2020,57.1,8869,155,ok
5w6uLxd3Vuc,LOVE AND MARRIAGE ( PART 1st )15 MARCH 2020,53.9,8323,154,ok
jStQpZJt54k,"""Laxmi Vishnu Divine Secrets ✨ | Spiritual Class Vancouver 2025 – Brajesh Gautam""",80.8,13955,173,ok
BF2gt8okhdM,Leela ( 29 Oct 2017 ),93.5,10592,113,ok
1wHIHzFwziU,Listen To The Heart (25Jan2015),97.2,17606,181,ok
l_Jtf2cCVR0,Lucky (भाग्यशाली) By Brajesh Gautam,109.2,23142,212,ok
5vOib3HHsgI,MAALIK KO NAUKAR RAKH LO  ( 1 July 2018 ),113.5,12901,114,ok
ekFViEc3pCA,MANDIR  TEMPLE (12 MAY 2019 ),113.5,12182,107,ok
aBEufGfZKU4,MERAA MINE ( 20 MAY 2018 ),94.0,10550,112,ok
3qSMoGfdwHI,MIND - THE CONFUSION MAKER (10Aug2014),124.6,19625,158,ok
4ji_9eaIUcM,MONEY - How Much Is MIne By Brajesh Gautam (1 March 2015),85.7,15082,176,ok
FXbD8PMBdL8,MOTHER CREATES JAUNDICE TO THE NEW BORN,4.6,608,132,ok
tq1rBK0-2UE,Male Female Energy 26 Nov 2017,99.9,11103,111,ok
S9MllWl_IWE,Manifestation ( 30 April 2017 ),86.0,9574,111,ok
OVYdEbO-lhM,Mantra Of Success (सफलता का मंत्र) By Brajesh Gautam,128.1,25577,200,ok
lt_ODZ744dA,Marriage (Part 1) (30Nov2014),92.8,9958,107,ok
Mx0ja_FoK_s,Marriage (Part 2) (7Dec2014),112.0,18818,168,ok
tb7rWQ0HFNc,Mata Ke Bhakt,4.7,431,92,ok
Z9k-8IjP4zY,Mathematics of Feelings (3Aug2014),120.8,16069,133,ok
303Oo9tNB7s,Maya (3 June 2016),100.2,17125,171,ok
qaosuQ_-8Bc,Mayaa (माया) By Brajesh Gautam (31 July 2022),121.1,24359,201,ok
YEswG3lIx7E,Meditation(1Feb2015),114.1,18163,159,ok
NbSdt4FL_-s,Mind It (25 Dec 2016),96.5,16493,171,ok
o8sTWs4ZqRQ,"Mother, Stem Cells And Kids",5.5,656,119,ok
n3a3vRdbGJw,Mukti (14May 2017),93.7,10467,112,ok
CNhpMmfUAB4,Munn Buddhi Chitta Ahankaar (6Sept 2015),118.1,18063,153,ok
AOrJPEp1uDk,Munna Is Everything (मुन्ना ही सब कुछ है) By Brajesh Gautam,111.4,22304,200,ok
YZXkHWzHcrU,Munna Se Setting Kaise Karen : The Art of Mental Discipline By Brajesh Gautam (28 April 2024),144.1,25191,175,ok
KWl8IPuJq7A,NISHKAAM KARM 8 july 2018,91.6,10257,112,ok
oofpST-J1MM,NO NEED TO LOVE -[ENGLISH ] {CANADA -OTTAWA}   (18 SEPETEMBER 2018),85.8,13319,155,ok
ionuQ4jZVBw,Naabhi Kendra And and Why Only Female can Impact Male  (28June2015),102.8,11350,110,ok
BKwen3rW7wM,Naari ( 9 July 2017 ),80.2,8450,105,ok
nQTPGsaAFc4,Nalayak (नालायक) By Brajesh Gautam (26 Sept 2021),133.1,27397,206,ok
c_a8kwGNe6A,Naveenta Maen Sundertaa,5.0,523,105,ok
NYQkrXZ5gSY,Need Want (जरूरत चाहत) By Brajesh Gautam (11 April 2021),107.1,21753,203,ok
gIytEYgVbu8,NeedWantGlass,4.1,495,121,ok
jwKo2PXThAM,No Coincidence (कोई संयोग नहीं) By Brajesh Gautam,108.6,21132,195,ok
mgU1meuIwhc,Not Bad LIfe (22 March 2015),47.3,5252,111,ok
J4zodU5iTq0,OCD - Obsessive compulsive disorder By Brajesh Gautam (5 Nov 2023),129.6,24417,188,ok
0vpDpVf3SSw,One Pointed Attention (एकाग्र ध्यान) Brajesh Gautam,112.0,21519,192,ok
aIA5UN1i_n8,Other People (19April2015),102.0,11306,111,ok
12-7PMGQPls,PACHHTAWA REPENTANCE ( 5 MAY 2019 ),122.0,13597,111,ok
fVc3yQkjo4Y,PATIENCE ( 7 APRIL 2019 ),103.0,11248,109,ok
KQZ4zrEQJBM,PUMP: Prarabdh - Unwanted Wants - Manifestation - Preliving (28 May 2023),144.3,24723,171,ok
G0UB1HK1gZ0,Paap Punya (22 Feb 2015),94.7,10801,114,ok
QoEG6FkXDPs,Paap Punya Ka Ghada (पाप पुण्य का घड़ा) : Understanding Your Spiritual Ledger (9 July 2023),133.1,23579,177,ok
9KnbDntG2LI,Pagle Sudhar Jaa (पगले सुधर जा) By Brajesh Gautam,105.2,20687,197,ok
doTpzcpCmnI,Parents and future parents ( 8 Apr 2018 ),104.2,11573,111,ok
6Q6NkO394F0,Pata Nahin - NOT KNOWING ( 5th Aug 2018 ),106.2,11677,110,ok
G8Kuh3nNJI4,Peace: The Forgotten Dimension of Intelligence (12 Nov 2017),87.6,9804,112,ok
3OnwBs21jfs,Phir Tinku Kya Kare  (  11 March 2018 ),109.9,12104,110,ok
fLcolYRA2n0,Pitra Kripa (पितृ कृपा) The Invisible Force Behind Your Success By Brajesh Gautam,113.8,22025,194,ok
L5VXNLy3BOY,Pleasure Centre in The Brain (Part1) (16Nov2014),57.0,9093,160,ok
PNr9Wunswpg,Poornta  (17May2015),105.5,11702,111,ok
Mzazz4ZnCHY,Preliving Full Video By Brajesh Gautam (10 Nov 2019),133.2,14392,108,ok
hR44hla1G5I,Preliving vs Manifestation: Understanding the Concepts By Brajesh Gautam (9 June 2024),148.3,26607,179,ok
o5SYWGZWezg,Q&A Session: Answering Your Burning Questions (30 June 2024),114.5,20538,179,ok
myKPjUJlLR0,QUANTUM ZENO EFFECT( 10 MARCH 2019 ),108.4,12174,112,ok
JmUmwOHAVF8,QUOTA - SHARE (14 JULY 2019 ),101.9,11311,111,ok
nId2xMVCtBY,Questions Answers To One Pointed Attention By Brajesh Gautam,124.5,23971,193,ok
sX3Zh_5NEYE,REBOOTING (24 feb 2019 ),110.8,20348,184,ok
Ghugqor9xOM,Radha Krishna By Brajesh Gautam (21 Aug 2016),101.0,11226,111,ok
edFbS5dNG_I,Radio Show OTTAWA CANADA ( Punjabi ) ( Oct 2022 ),35.0,2685,77,ok
0CHx3mtQP28,Ram And Harishchandra,5.0,877,175,ok
xMk8luOufxI,Reverse psychology (8 feb 2015),108.3,11993,111,ok
Pk6_sI78aUA,Rona Pitna Part 1 ( 28May 2017 ),38.1,4155,109,ok
W0dM-k9_xUY,Rona Pitna Part 2 (28 May 2017),40.8,4309,106,ok
t8MFbGB9baE,SAAKSHI BHAAV - WITNESSING ( 6 JAN 2019 ),117.1,13311,114,ok
rYCzkPgFSbQ,SAHAJTA AKASHIK RECORDS Part 1st ( 4 Dec 2022),62.9,9426,150,ok
vU11Tbn5Nnc,SAHAJTA AKASHIK RECORDS Part 2nd ( 4 Dec 2022 ),49.0,6806,139,ok
TG0lN8cSbtE,SAHAJTA Part 1st ( 27 Nov 2022 ),47.5,7835,165,ok
pbkOfQahJTY,SAHAJTA Part 2nd ( 27 Nov 2022 ),40.6,6454,159,ok
6RdD_Ikg8jQ,SAHAJTA Part 3rd ( 27 Nov 2022 ),46.2,7133,154,ok
E_g9eGAzoVk,SAHAJTA SATYA GURU Part 1st ( 11 Dec 2022 ),72.0,11574,161,ok
ocv6Ul3F0pc,SAHAJTA SATYA GURU Part 2nd ( 11 Dec 2022 ),50.3,7352,146,ok
siEEiXN8guk,SECRETS OF PHYSICAL BODY Part 1 (14 Feb 2016 ),114.1,18403,161,ok
JYnLZK5O2bE,SHADVIKAAR ( 18 nov 2018 ),104.4,11698,112,ok
5kQYXJiYGss,SOUL ( 23 DEC 2018 ),102.8,11383,111,ok
XknUbGHnzt8,SPACE TIME ( 31 MARCH 2019 ),118.5,12560,106,ok
5yArDl2PpHU,Samadhi - Transcendental Meditation (19 Nov 2017),82.4,9223,112,ok
vMRFtC-2dD0,Samudra Manthan (2 Aug 2015),57.0,6276,110,ok
8JkKot4bPic,Sanatan - Time (समय) Part-3 - Sanatan Time Dilation: Unveiling Time's Mysteries (25 Feb 2024),142.6,25208,177,ok
ZN80C0fYpj8,Sanatan Knowing (Part-1) - Unveiling Sanatan: Journey to Ancient Knowledge (11 Feb 2024),140.6,24912,177,ok
zbjGoZmTRlQ,Sanatan Knowing (Part-2) - Unveiling Sanatan: Journey to Ancient Knowledge (18 Feb 2024),151.2,26872,178,ok
b4feIN19t84,Sant Ki Meditation - संत की ध्यान-साधना | Brajesh Gautam,111.7,22598,202,ok
vbibl_RoDSw,Second Channel,1.1,6,5,CHECK
5wzDhDbZkN4,Self (11Dec 2016 ),73.0,7906,108,ok
pz3nTN2gudU,Self Love: ( MULTI LANGUAGE ) The Beginning of All Healing,8.4,1247,148,ok
VsNTCYkpn6E,Self Realisation Vancouver Canada (17 Sept 2017),100.5,11397,113,ok
73R7Rtvxjnw,Self and Soul Canada 11 Sept 2016,8.4,1006,120,ok
Uekf2LDZcUI,Shabd (27 Nov 2016),89.2,9774,110,ok
CjNwD3HgRys,Shiva The God  ( 9 Aug 2015 ),113.7,18952,167,ok
rd6LNdYDHTE,Shivling Everything - शिवलिंग By Brajesh Gautam (2 July 2023),141.8,23729,167,ok
ra0x8oqRPV8,Short Term Long Term brains (Part Of Video of 8 Mar15),10.7,1851,173,ok
fmXr_yGWRwI,Showrunner - The Invisible Driver: Who Really Runs Our Lives? (1 Oct 2023),135.3,23830,176,ok
0jfFWwPHstM,Shutantey Munna And Munni By Brajesh Gautam (15 Aug 2021),123.3,25076,203,ok
N4oTlQoyeQE,Silence Of The Mind (21June2015),103.2,16291,158,ok
mzCFa98FXbk,Singularity (18 Dec 2016),101.5,17454,172,ok
T4navULR1Hw,Society And Family (समाज और परिवार) By Brajesh Gautam  (17 Jan 2021),111.1,22166,200,ok
meAPeyKyC1A,Sooksham Shareer (सूक्ष्म शरीर) By Brajesh Gautam,114.0,22448,197,ok
-APiGFvvrac,Sound (26 July 2015),107.9,12387,115,ok
OMItwuGNXlc,Spiritual Q&A Session in Ottawa 🇨🇦 | Wisdom & Guidance with Brajesh Gautam,85.5,14805,173,ok
x8z0U49vf5E,Spiritual QnA (Vancouver): Discovering Your Higher Self By Brajesh Gautam (04 September 2024),57.1,9144,160,ok
L8P2kO_F8do,Spiritual QnA in (New Jersey): Unlocking Life's Mysteries (8 September 2024),59.3,9249,156,ok
0OTfc1lqQh0,Spiritual Qna Session In Ottawa : Purpose Of Life And Spiritualily (16 Sep 2023),79.0,13337,169,ok
dIxxMKb5s00,Sprite Peeni Hai Yaar (स्प्राइट पीनी है यार) By Brajesh Gautam (5 Sept 2021),120.2,24922,207,ok
jh_p9W98R1o,Sthit Pragya (स्थित प्रज्ञा) By Brajesh Gautam (17 Dec 2023),125.1,22079,176,ok
KnJTVeDwsbw,Suffering(7 May 2016),118.5,19181,162,ok
8Bv3TQBl3S0,Sukkh Rog (सुख रोग) By Brajesh Gautam (24 Dec 2023),120.6,21829,181,ok
UclDCN9i3qk,S*x And S*xuality: Masturbation And Suspicion By Brajesh Gautam,124.7,25801,207,ok
I7yQGUk_waM,Syllabus of Munna : Decoding the Mind’s Curriculum (19 Nov 2023),113.6,22332,197,ok
C6oq9x3c2nc,THE ART OF LEAVING 14 MAY 2023 ( Part 1st ),54.6,7475,137,ok
wysd28d54a0,THE ART OF LEAVING 14 MAY 2023 ( Part 2nd ),35.8,4958,138,ok
1qxeY6XmM04,THE ART OF LEAVING 14 MAY 2023 ( Part 3rd ),43.1,4898,114,ok
bZUwRSQumD0,THE GUT FEELING ( 22 DEC 2019 ),96.8,10696,110,ok
3BS29crxz5Y,THE NEW NORMAL Part 1st ( 25 OCT 2020 ),55.4,8314,150,ok
3n31CFyPRRQ,THE NEW NORMAL Part 2nd ( 25 OCT 2020 ),42.4,6319,149,ok
pZnvLUvjRpo,THE RIGHT BRAIN ( 7 OCT 2018 ),102.8,11324,110,ok
sDkqF3dSRLM,THE SEX ( 27 Aug 2017 ),104.7,11374,109,ok
d3LyIpjumuc,TIGGI TIGGI ( Part 1st ) 22 Jan 2023,66.0,6274,95,ok
3yUMxaozCis,TIGGI TIGGI ( Part 2nd ) 22 Jan 2023,63.2,5665,90,ok
w_ci4WVe6YU,Tat Tvam Asi (तत् त्वम् असि): The Ultimate Truth of Oneness ( 8 OCT 2023 ),123.8,23104,187,ok
iZEQj31w3Ag,"Testosterone: Energy, Confidence, and Attraction By Brajesh Gautam",98.9,19248,195,ok
yKiLL3PqQao,The Astral World- Pitrr Lok (3 Dec 2017),108.9,12435,114,ok
fGa1XZ1q50o,"The Cosmos Explained: Journey Through Space, Time, and Consciousness (25 June 2023)",140.3,24389,174,ok
8UKJjsq6i3o,The Human House (27Nov 2016),105.0,11697,111,ok
xALRmK5s3BU,"The Mind is a Kalp Vriksh,The Right Way To Diwali Pooja,Rahu-Ketu Story Explained(9Nov2014)",110.9,12207,110,ok
od3ZpsyAANw,The Real Me: Journey to Self-Discovery | Brajesh Gautam | (28 Jan 2024),127.0,23587,186,ok
3Dbm3yWYhm4,The Three Minds By Brajesh Gautam (15 May 2022),123.3,25439,206,ok
K57Zxjc1Eis,The Time Of Loss Or Pain (14 Jan 2018 ),83.3,8775,105,ok
b34RVn_Oig0,The Unknown (अज्ञात) By Brajesh Gautam (29 Oct 2023),128.8,23847,185,ok
kkU2xLcafaw,The Unwanted Wants Full Video By Brajesh Gautam ( 21 Jan 2018 ),76.2,8459,111,ok
HJxusOOhA0Y,Theta Brain At 4 To 7 Years Of Age,5.8,731,126,ok
iQew7ra7xik,Tinku Full Video By Brajesh Gautam (17 July 2016),91.6,15145,165,ok
N2AtNIR_pJw,Tips on making a child a better student (31Aug2014),42.0,7141,170,ok
TFJAcKGIP_Y,Toronto { ENGLISH /HINDI } Question Answers Session Shringeri Temple 14 Oct 2022,66.1,8194,124,ok
ldXcXtqtapY,Transaction (15 Jan 2017 ),96.2,16985,177,ok
lawGP21_2y8,USER MANUAL OF HUMAN MACHINE-[english] (OTTAWA) {CANADA sept 2018},91.6,14021,153,ok
xzOHCWSr5Hc,Unconscious Mind (अचेतन मन) By Brajesh Gautam (22 May 2022),122.5,24320,199,ok
hEQZ3a7OxrY,"Understanding Female: Mind, Emotions, and Energy (9 Nov 2014)",110.8,19234,174,ok
RfgBfajop-Q,Understanding How To break Stubborn Fat And To Calm The Cribbing Brain (18JAN15),99.2,17871,180,ok
yyr9Lwew628,"Understanding Sexual Pleasures,Menstruation,EthericBody and Shambhavi Mudra (26Oct2014)",111.8,11675,104,ok
HoWYIlwo-yw,Unlearning And Undoing (30 Aug 2015),107.8,16758,155,ok
Plpg7JRjPbk,Urja (13 Aug 2017 ),88.8,9324,105,ok
zxolbXbHIVk,Urja Ka Guard (ऊर्जा का गॉर्ड) By Brajesh Gautam,124.3,26227,211,ok
uFuCymnEElA,Uselessness (व्यर्थता) - The Power of Uselessness: Finding Purpose in the Unexpected,127.7,22535,176,ok
VmCGIksx5-Q,Vancouver Q&A: Unlocking the Secrets of Enlightenment (02 September 2024),67.2,10086,150,ok
FW0tl_2wRIc,Various rules to follow in Life (Part 2),54.9,5860,107,ok
QjB7l9dpu-4,Various rules to follow in Life (Part1),16.7,2790,167,ok
H4-kpYFW8wQ,Vishwaas (विश्वास) By Brajesh Gautam,117.5,23467,200,ok
UEua6d65wHc,WAALA (वाला): The Ultimate Exploration By Brajesh Gautam (8 DEC 2019),113.7,12362,109,ok
GVBwArKBJ0c,WAS : When Ananda Speaks | Episode 1 | Does God Exist?  | Brajesh Gautam,155.9,29359,188,ok
6oZjRLrOBKY,WAS : When Ananda Speaks | Episode 10 | QnA Series | Brajesh Gautam,144.1,27159,188,ok
pt4JGSL_UfE,WAS : When Ananda Speaks | Episode 11 | QnA Series | Brajesh Gautam,152.4,28065,184,ok
519mG2EAh-U,WAS : When Ananda Speaks | Episode 12 | QnA Series | Brajesh Gautam,142.0,25963,183,ok
oLNaSMnEGwY,WAS : When Ananda Speaks | Episode 13 | QnA Series | Brajesh Gautam (29 March 2026),147.0,27209,185,ok
qs1xiRO3Uyw,WAS : When Ananda Speaks | Episode 14 | QnA Series | Brajesh Gautam,134.9,23074,171,ok
He6BMpAZwd0,WAS : When Ananda Speaks | Episode 15 | QnA Series | Brajesh Gautam,151.5,29103,192,ok
lG-hm4vprAg,WAS : When Ananda Speaks | Episode 16 | QnA Series | Brajesh Gautam,143.7,25723,179,ok
ocaRRLZsurE,WAS : When Ananda Speaks | Episode 17 | QnA Series | Brajesh Gautam,149.3,27338,183,ok
A2ctgV09Vqg,WAS : When Ananda Speaks | Episode 18 | QnA Series | Brajesh Gautam,146.9,27349,186,ok
wsGU-NGn0so,WAS : When Ananda Speaks | Episode 19 | QnA Series | Brajesh Gautam,140.3,26791,191,ok
fDK0N_OEaac,WAS : When Ananda Speaks | Episode 2 | QnA Series | Brajesh Gautam,142.3,27098,190,ok
QCWWKfjuEK4,WAS : When Ananda Speaks | Episode 20 | QnA Series | Brajesh Gautam,148.6,28005,188,ok
ED9EaxL24rI,WAS : When Ananda Speaks | Episode 21 | QnA Series | Brajesh Gautam,139.7,26987,193,ok
M-0-vbC9Owo,WAS : When Ananda Speaks | Episode 22 | QnA Series | Brajesh Gautam,163.4,31371,192,ok
LDZkLZGsvTg,WAS : When Ananda Speaks | Episode 3 | QnA Series | Brajesh Gautam,153.1,30192,197,ok
LoDWafJVStE,WAS : When Ananda Speaks | Episode 4 | QnA Series | Brajesh Gautam,156.2,29260,187,ok
5YQD8mwiPgY,WAS : When Ananda Speaks | Episode 5 | QnA Series | Brajesh Gautam,141.4,26861,190,ok
YjB6OFbx9nI,WAS : When Ananda Speaks | Episode 6 | QnA Series | Brajesh Gautam,138.4,25768,186,ok
6mnCK09iTWQ,WAS : When Ananda Speaks | Episode 7 | QnA Series | Brajesh Gautam,129.3,23838,184,ok
6xl40K_ZX_M,WAS : When Ananda Speaks | Episode 8 | QnA Series | Brajesh Gautam,136.4,25790,189,ok
C4m1oSfJ32g,WAS : When Ananda Speaks | Episode 9 | QnA Series | Brajesh Gautam,146.5,26834,183,ok
FOjF4p3J38w,WASTAGE  (6 OCT 2019 ),112.5,12544,112,ok
FoinmBGsphE,WHY LOVE MARRIAGES TEND TO FAIL ( APRIL 2023 ),9.8,1479,151,ok
5dd_rdnD1WQ,Water Therapy,2.9,387,133,ok
iJIqBsskhg4,Water's Memory (20July2014),101.1,17952,178,ok
KOcDyxUnSfU,We Are D.N.A Based Radio Transmitter's (16Nov2014),103.0,18138,176,ok
QhfBFYB74a0,What Is Love By Brajesh Gautam (14 March 2021),119.6,24456,204,ok
SyHt-BQRANk,What Next ( 12 Jan 2017 ),95.0,10890,115,ok
fnzOQRdpR3o,Which Chakra I Am At - मैं किस चक्र पर हूं By Brajesh Gautam (16 April 2023),139.0,25661,185,ok
TFZvEl9kN8Y,Why Being Bad is Good/The Right Way To Spend Money/Mantra for Success (14Dec2014),80.9,14633,181,ok
-XJHuppyCAg,Why Kids Get Bad Results Inspite of Good Preparation,7.0,746,107,ok
xg8XfnLJUpw,Why No Wisdom | Brajesh Gautam (31 Dec 2023),133.8,24175,181,ok
NyIooN45_kU,YOUTH ON PHONE April 2023,15.7,2316,148,ok
7fv8ulUoFN0,Yat Pinde Tat Brahmandey (यत पिंडे तत ब्रह्मांडे) By Brajesh Gautam,109.4,19018,174,ok
sCLQ-93sAyo,Zero (26 April 2015),75.9,8272,109,ok
Dulr3A1tQ0Y,क्या Astrology झूठ है ? Truth about Horoscopes | Dhruv Rathee | Brajesh Gautam,21.1,4003,190,ok
R063MtBMJ38,होना या करना (Hona Ya Karna) By Brajesh Gautam,134.6,25419,189,ok
qlNi_QGErY8,"⚡ Dopamine: इच्छा, लत और चेतना का रहस्य | Brajesh Gautam",105.3,20961,199,ok
4rEhbbHiNBg,🌿 Be Easy: जीवन को कठिन बनाना बंद करें | Brajesh Gautam,111.9,22974,205,ok
